Datetime,Water Level (m)
2026-04-25 18:00:00,-8.501
2026-04-25 19:00:00,-8.501
2026-04-25 20:00:00,-8.501
2026-04-25 21:00:00,-8.501
2026-04-25 22:00:00,-8.501
2026-04-25 23:00:00,-8.501
2026-04-26 00:00:00,-8.501
2026-04-26 01:00:00,-8.501
2026-04-26 02:00:00,-8.501
2026-04-26 03:00:00,-8.501
2026-04-26 04:00:00,-8.501
2026-04-26 05:00:00,-8.501
2026-04-26 06:00:00,-8.501
2026-04-26 07:00:00,-8.501
2026-04-26 08:00:00,-8.501
2026-04-26 09:00:00,-8.501
2026-04-26 10:00:00,-8.501
2026-04-26 11:00:00,-8.501
2026-04-26 12:00:00,-8.501
2026-04-26 13:00:00,-8.501
2026-04-26 14:00:00,-8.501
2026-04-26 15:00:00,-8.501
2026-04-26 16:00:00,-8.501
2026-04-26 17:00:00,-8.501
2026-04-26 18:00:00,-8.501
2026-04-26 19:00:00,-8.501
2026-04-26 20:00:00,-8.501
2026-04-26 21:00:00,-8.501
2026-04-26 22:00:00,-8.501
2026-04-26 23:00:00,-8.501
2026-04-27 00:00:00,-8.501
2026-04-27 01:00:00,-8.501
2026-04-27 02:00:00,-8.501
2026-04-27 03:00:00,0.13611436
2026-04-27 04:00:00,0.11134613
2026-04-27 05:00:00,-8.501
2026-04-27 06:00:00,-8.501
2026-04-27 07:00:00,-8.501
2026-04-27 08:00:00,-8.501
2026-04-27 09:00:00,-8.501
2026-04-27 10:00:00,-8.501
2026-04-27 11:00:00,-8.501
2026-04-27 12:00:00,0.23317267
2026-04-27 13:00:00,0.20850407
2026-04-27 14:00:00,0.17383014
2026-04-27 15:00:00,0.1514889
2026-04-27 16:00:00,0.14565237
2026-04-27 17:00:00,0.13054287
2026-04-27 18:00:00,0.13108768
2026-04-27 19:00:00,0.13299783
2026-04-27 20:00:00,0.1387355
2026-04-27 21:00:00,0.14952233
2026-04-27 22:00:00,0.16342442
2026-04-27 23:00:00,0.17825697
2026-04-28 00:00:00,0.19005904
2026-04-28 01:00:00,0.195561
2026-04-28 02:00:00,0.19567274
2026-04-28 03:00:00,0.19754541
2026-04-28 04:00:00,0.19761619
2026-04-28 05:00:00,0.19433634
2026-04-28 06:00:00,0.18893498
2026-04-28 07:00:00,0.18774568
2026-04-28 08:00:00,0.1904541
2026-04-28 09:00:00,0.20085368
2026-04-28 10:00:00,0.21448524
2026-04-28 11:00:00,0.22696754
2026-04-28 12:00:00,0.23646536
2026-04-28 13:00:00,0.24639028
2026-04-28 14:00:00,0.25757313
2026-04-28 15:00:00,0.27253157
2026-04-28 16:00:00,0.26174286
2026-04-28 17:00:00,0.24360979
2026-04-28 18:00:00,0.23034012
2026-04-28 19:00:00,0.22510132
2026-04-28 20:00:00,0.22896571
2026-04-28 21:00:00,0.23770809
2026-04-28 22:00:00,0.25195277
2026-04-28 23:00:00,0.2689422
2026-04-29 00:00:00,0.2847745
2026-04-29 01:00:00,0.29405728
2026-04-29 02:00:00,0.29736745
2026-04-29 03:00:00,0.29693374
2026-04-29 04:00:00,0.291089
2026-04-29 05:00:00,0.28235194
2026-04-29 06:00:00,0.274973
2026-04-29 07:00:00,0.27082372
2026-04-29 08:00:00,0.27215862
2026-04-29 09:00:00,0.2790021
2026-04-29 10:00:00,0.30022654
2026-04-29 11:00:00,0.32208595
2026-04-29 12:00:00,0.33500737
2026-04-29 13:00:00,0.34789968
2026-04-29 14:00:00,0.3533289
2026-04-29 15:00:00,0.35122854
2026-04-29 16:00:00,0.33664638
2026-04-29 17:00:00,0.33179742
2026-04-29 18:00:00,0.3305898
2026-04-29 19:00:00,0.33039492
2026-04-29 20:00:00,0.3317176
2026-04-29 21:00:00,0.33586314
2026-04-29 22:00:00,0.36444375
2026-04-29 23:00:00,0.37895596
2026-04-30 00:00:00,0.3932437
2026-04-30 01:00:00,0.39861986
2026-04-30 02:00:00,0.39696252
2026-04-30 03:00:00,0.39164025
2026-04-30 04:00:00,0.38484725
2026-04-30 05:00:00,0.37596002
2026-04-30 06:00:00,0.36302558
2026-04-30 07:00:00,0.34777707
2026-04-30 08:00:00,0.33645457
2026-04-30 09:00:00,0.3341671
2026-04-30 10:00:00,0.34462586
2026-04-30 11:00:00,0.3617967
2026-04-30 12:00:00,0.38195714
2026-04-30 13:00:00,0.39848363
2026-04-30 14:00:00,0.41341183
2026-04-30 15:00:00,0.4217327
2026-04-30 16:00:00,0.42480835
2026-04-30 17:00:00,0.42302054
2026-04-30 18:00:00,0.4120277
2026-04-30 19:00:00,0.39848158
2026-04-30 20:00:00,0.38519138
2026-04-30 21:00:00,0.3844103
2026-04-30 22:00:00,0.39398178
2026-04-30 23:00:00,0.40895432
2026-05-01 00:00:00,0.4236247
2026-05-01 01:00:00,0.4332899
2026-05-01 02:00:00,0.4365779
2026-05-01 03:00:00,0.4339882
2026-05-01 04:00:00,0.4282656
2026-05-01 05:00:00,0.41956654
2026-05-01 06:00:00,0.40823448
2026-05-01 07:00:00,0.39577296
2026-05-01 08:00:00,0.3845865
2026-05-01 09:00:00,0.37933743
2026-05-01 10:00:00,0.38384363
2026-05-01 11:00:00,0.39738172
2026-05-01 12:00:00,0.41761327
2026-05-01 13:00:00,0.43541533
2026-05-01 14:00:00,0.4476027
2026-05-01 15:00:00,0.4532388
2026-05-01 16:00:00,0.45387107
2026-05-01 17:00:00,0.45215452
2026-05-01 18:00:00,0.44776225
